fecha,ticker,apertura,alto,bajo,cierre,volumen
04/01/2021,GME,16.72,17.51,16.45,17,76217558
05/01/2021,GME,17.38,17.73,17.31,17.56,62118923
06/01/2021,GME,16.59,16.59,15.79,16.38,114128209
07/01/2021,GME,16.41,16.51,16.16,16.4,128230735
08/01/2021,GME,13.14,13.43,12.89,13.19,64361674
11/01/2021,GME,13.77,14.41,13.58,14.08,58177510
12/01/2021,GME,15.2,15.68,15.12,15.32,92638288
13/01/2021,GME,12.76,13.27,12.37,12.78,59980126
14/01/2021,GME,15.04,15.31,14.93,15.06,216700293
15/01/2021,GME,10.26,10.37,10.17,10.32,186006227
18/01/2021,GME,9.17,9.4,9.08,9.09,232168602
19/01/2021,GME,9.28,9.33,8.9,9.24,112148010
20/01/2021,GME,9.3,9.55,8.9,9.51,107089887
21/01/2021,GME,9.04,9.06,8.83,9,20296722
22/01/2021,GME,9.14,9.54,8.92,9.47,363864459
25/01/2021,GME,12.27,12.6,11.84,12.1,214413583
26/01/2021,GME,15.14,15.21,15.13,15.14,294391853
27/01/2021,GME,16.51,16.74,15.99,16.46,235676073
28/01/2021,GME,18.7,18.73,17.65,17.99,261734688
29/01/2021,GME,24.79,25.21,24.76,25.12,266048631
01/02/2021,GME,28.15,29.24,27.99,28.89,136440350
02/02/2021,GME,32.62,33.48,32.41,32.83,155124001
03/02/2021,GME,30.91,31.3,30.19,31.04,33758228
04/02/2021,GME,30.22,31.01,28.24,29.64,90441289
05/02/2021,GME,32.19,32.52,30.62,32.06,135479417
08/02/2021,GME,30.17,30.4,29.95,30.26,136104361
09/02/2021,GME,30.13,30.97,29.59,30.42,139632440
10/02/2021,GME,22.6,22.81,22.12,22.72,39877148
11/02/2021,GME,22.01,22.76,21.93,21.99,203305019
12/02/2021,GME,25.58,25.81,25.28,25.51,93750568
15/02/2021,GME,24.19,24.39,23.62,24.11,130316316
16/02/2021,GME,22.26,22.56,21.56,22.09,180408802
17/02/2021,GME,17.76,18.03,16.99,17.99,69144618
18/02/2021,GME,15.96,16.11,15.44,15.84,113269455
19/02/2021,GME,16.63,16.74,16.29,16.31,169411550
22/02/2021,GME,21.32,21.39,20.94,21.03,97162661
23/02/2021,GME,20.73,21.42,20.34,21.21,45609059
24/02/2021,GME,25.77,25.82,25.39,25.63,160706659
25/02/2021,GME,25.52,26.84,24.86,26.27,141890203
26/02/2021,GME,33.14,33.98,32.85,33.82,71609809
01/03/2021,GME,32.02,32.05,30.45,31.9,63994022
02/03/2021,GME,34.69,35.09,34.44,34.93,149422444
03/03/2021,GME,36.83,38.01,36.52,37.9,85203455
04/03/2021,GME,41.18,41.79,40.19,41.29,93513493
05/03/2021,GME,52.85,54.89,50.56,54.19,122367956
08/03/2021,GME,57.23,57.41,56.21,57.31,254566255
09/03/2021,GME,69.8,69.97,69.59,69.91,229367729
10/03/2021,GME,82.65,83.43,80.71,81.11,209736502
11/03/2021,GME,69.41,71.86,68.72,70.14,42969700
12/03/2021,GME,76.53,78.77,74.26,75.05,74739840
15/03/2021,GME,87.19,88.03,84.94,85.46,86759535
16/03/2021,GME,91.08,94.45,89.74,91.36,51838434
17/03/2021,GME,87.84,88.55,85.67,87.93,105925293
18/03/2021,GME,92.77,97.78,92.33,95.61,80744516
19/03/2021,GME,76.27,78,74.67,76.93,70248112
22/03/2021,GME,92.42,95.49,88.47,91.42,69140763
23/03/2021,GME,99.73,100.19,97.29,98.84,60323353
24/03/2021,GME,100.03,103.25,96.17,97.34,115872277
25/03/2021,GME,106.44,107.7,102.91,106.81,56464735
26/03/2021,GME,116.35,117.1,112.08,116.17,54405372
29/03/2021,GME,124.12,126.21,122.88,123,40576810
30/03/2021,GME,132.06,138.66,129.42,133.22,70486681
31/03/2021,GME,137.45,141.48,135.11,135.8,55694961
01/04/2021,GME,143.97,149.81,140.72,146.94,91549747
02/04/2021,GME,137.92,142.19,136.9,138.78,40906554
05/04/2021,GME,124.5,126.76,122.6,126.41,169159858
06/04/2021,GME,130.25,134.45,127.14,133.79,146258122
07/04/2021,GME,124.86,125.84,123.34,124.59,163567128
08/04/2021,GME,108.14,108.33,106.31,107.02,198835566
09/04/2021,GME,91.35,91.51,88.63,91.28,225500654
12/04/2021,GME,89.92,90.14,87.28,88.35,161207196
13/04/2021,GME,105.44,108.77,105.04,106.36,90478549
14/04/2021,GME,112.42,113.63,109.07,111.74,86951012
15/04/2021,GME,119.44,123.01,117.34,118.12,65733270
16/04/2021,GME,122.03,123.07,114.91,121.8,127350991
19/04/2021,GME,131.58,135.02,125.08,131.09,43195668
20/04/2021,GME,117.44,118.26,114.63,115.15,101635519
21/04/2021,GME,106.94,108.97,105.1,107.15,151998936
22/04/2021,GME,82.15,84.48,81.23,82.2,85663070
23/04/2021,GME,68.69,69.33,67.34,68.66,27337539
26/04/2021,GME,73.68,73.86,72.12,72.55,69549312
27/04/2021,GME,72.28,73.55,70.91,72.02,122524987
28/04/2021,GME,90.1,91.58,85.03,86.61,122495447
29/04/2021,GME,92,93.73,90.2,92.06,58345080
30/04/2021,GME,91.12,91.41,87.19,88.67,80029273
03/05/2021,GME,82.28,87.11,81.92,84.35,80165299
04/05/2021,GME,78.68,81.36,76.45,79.1,76989691
05/05/2021,GME,73.89,74.56,71.09,72.13,71926535
06/05/2021,GME,54.45,54.95,53.18,53.72,128280751
07/05/2021,GME,54.21,55.76,52.95,55.03,116245111
10/05/2021,GME,53.47,55.31,52.86,54.92,123578509
11/05/2021,GME,48.08,50.19,46.85,47.06,91862523
12/05/2021,GME,47.75,48.69,45.04,46.28,105373391
13/05/2021,GME,54.71,55.11,53.04,53.45,109996618
14/05/2021,GME,70.74,72.51,69.81,71.68,77504835
17/05/2021,GME,79.63,80.34,77.91,78.9,52316008
18/05/2021,GME,73.84,75.45,73.74,74.18,145150228
19/05/2021,GME,63.68,65.54,62.72,63.4,104597147
20/05/2021,GME,51.81,53.18,51.6,52.86,26281965
21/05/2021,GME,59.68,59.78,55.84,57.78,57266187
24/05/2021,GME,57.35,59.16,54.38,56.57,88229690
25/05/2021,GME,50.56,51.87,49.23,51.8,185977883
26/05/2021,GME,50.65,51.7,49.48,51.31,172551328
27/05/2021,GME,59.83,61.84,58.15,60.89,54515991
28/05/2021,GME,68.71,70.06,66.28,66.99,134929168
31/05/2021,GME,58.81,60.51,56.89,58.35,157330172
01/06/2021,GME,58.42,58.7,57.39,57.8,62053587
02/06/2021,GME,57.07,57.49,55.41,56.8,128845336
03/06/2021,GME,55.22,57.23,54.11,56.29,81808055
04/06/2021,GME,50.45,50.97,48.98,49.97,137498897
07/06/2021,GME,46.83,47.99,45.86,46.36,110174216
08/06/2021,GME,45.61,48.28,45.4,45.69,51297989
09/06/2021,GME,56.59,57.46,55.12,56.25,208377895
10/06/2021,GME,60.12,63.74,58.51,60.69,36874656
11/06/2021,GME,54.26,54.93,52.8,53.14,216590704
14/06/2021,GME,59.97,60.61,59.15,59.36,205706165
15/06/2021,GME,61.61,62.62,60.88,62.08,125817248
16/06/2021,GME,57.89,58.62,57.48,58.53,101205662
17/06/2021,GME,62.96,64.18,61.11,61.64,99197399
18/06/2021,GME,60.72,62.32,60.04,60.12,149856924
21/06/2021,GME,73.29,73.39,71.96,72.49,27210774
22/06/2021,GME,59.73,60.81,59.53,60.43,63146262
23/06/2021,GME,54.67,55.1,53.48,54.31,48707196
24/06/2021,GME,46.73,47.55,46.66,47.41,99074055
25/06/2021,GME,49.24,51.26,46.66,47.54,224631394
28/06/2021,GME,47.86,48.96,47.09,47.76,237618118
29/06/2021,GME,47.01,47.21,45.21,46.77,160093817
30/06/2021,GME,44.68,44.81,43.05,43.97,90972070
01/07/2021,GME,43.61,43.89,42.96,43.11,212322002
02/07/2021,GME,38.58,39.4,37.2,38.87,105325130
05/07/2021,GME,38.05,38.7,37.95,38.37,95321286
06/07/2021,GME,42.29,42.64,41.73,42.07,202231423
07/07/2021,GME,35.75,36.21,35.44,35.5,73721562
08/07/2021,GME,33.44,33.64,32.78,33.61,82727662
09/07/2021,GME,32.27,32.94,31.87,32.86,186479796
12/07/2021,GME,33.22,34.17,32.6,33.87,80569748
13/07/2021,GME,34.37,34.45,33.35,34.35,63368508
14/07/2021,GME,31.43,31.83,30.03,31.08,110002285
15/07/2021,GME,32.38,32.84,32.34,32.62,200684246
16/07/2021,GME,30.78,31.67,30.42,30.96,115640065
19/07/2021,GME,30.89,31.04,30.32,30.53,84230943
20/07/2021,GME,35.49,35.86,34.75,35.51,86464834
21/07/2021,GME,39.37,40.38,39.31,39.57,76406214
22/07/2021,GME,47.73,49.38,46.87,48.71,58630467
23/07/2021,GME,50.35,50.43,49.1,50.23,160124963
26/07/2021,GME,50.14,50.95,49.7,49.76,103537010
27/07/2021,GME,45.65,45.89,45.61,45.65,43931714
28/07/2021,GME,50.76,51.95,49.13,50.9,85432811
29/07/2021,GME,48.21,50.38,48.18,49.01,38947373
30/07/2021,GME,48.39,49.3,46.93,48.38,109151683
02/08/2021,GME,46.71,47.46,46.19,46.38,25080489
03/08/2021,GME,41.5,42.12,40.17,41.03,102839243
04/08/2021,GME,39.42,41.07,39.13,40.1,48877145
05/08/2021,GME,39.03,39.11,37.41,38.29,45833199
06/08/2021,GME,47,48.22,46.84,47.31,25962758
09/08/2021,GME,50.14,52.19,49.42,50.4,89512659
10/08/2021,GME,54.76,56.57,53.36,54.77,82569953
11/08/2021,GME,62.12,62.19,60.43,60.7,194213284
12/08/2021,GME,63.23,64.34,62.13,62.68,95071162
13/08/2021,GME,69.01,70.88,66.15,68.16,43698242
16/08/2021,GME,71.39,74.09,68.39,69.26,98109558
17/08/2021,GME,66.44,67.46,64.8,66.55,52871681
18/08/2021,GME,58.62,59.01,58.04,58.98,155434922
19/08/2021,GME,69.68,72.27,68.53,70.29,12792473
20/08/2021,GME,78.33,78.74,75.25,77.16,84965430
23/08/2021,GME,70.83,72.75,70.48,71.84,117914773
24/08/2021,GME,71.19,72.96,71.19,72.32,104426904
25/08/2021,GME,77.9,80.84,77.14,80.28,79298351
26/08/2021,GME,80.83,81.27,80.22,81.06,76255199
27/08/2021,GME,94.74,99.41,93.96,96.13,96276448
30/08/2021,GME,65.85,66.37,65.65,65.99,156378651
31/08/2021,GME,71.14,74.58,69.74,72.06,224096026
04/01/2021,AMC,1.99,2.04,1.97,2,47680720
05/01/2021,AMC,2.51,2.52,2.47,2.52,94256033
06/01/2021,AMC,2.22,2.26,2.18,2.23,26158656
07/01/2021,AMC,2.18,2.22,2.1,2.19,71462463
08/01/2021,AMC,1.85,1.86,1.81,1.82,34112784
11/01/2021,AMC,1.58,1.63,1.54,1.57,90324111
12/01/2021,AMC,1.41,1.44,1.39,1.41,196062287
13/01/2021,AMC,1.56,1.58,1.55,1.55,67848292
14/01/2021,AMC,1.42,1.42,1.41,1.41,90147031
15/01/2021,AMC,1.29,1.32,1.28,1.29,83051161
18/01/2021,AMC,1.39,1.4,1.36,1.4,115702642
19/01/2021,AMC,1.41,1.43,1.35,1.37,110426664
20/01/2021,AMC,1.49,1.52,1.46,1.5,72347343
21/01/2021,AMC,1.65,1.65,1.65,1.65,99253554
22/01/2021,AMC,1.42,1.48,1.4,1.42,49184626
25/01/2021,AMC,1.37,1.39,1.34,1.37,160200391
26/01/2021,AMC,1.41,1.44,1.32,1.37,46484009
27/01/2021,AMC,1.45,1.45,1.4,1.44,58019004
28/01/2021,AMC,1.18,1.23,1.14,1.22,95729064
29/01/2021,AMC,1.31,1.33,1.27,1.3,62794175
01/02/2021,AMC,1.47,1.51,1.46,1.5,102544238
02/02/2021,AMC,1.33,1.38,1.32,1.34,98132058
03/02/2021,AMC,1.47,1.53,1.45,1.46,53713701
04/02/2021,AMC,1.86,1.88,1.83,1.87,75386030
05/02/2021,AMC,1.65,1.68,1.6,1.62,78841081
08/02/2021,AMC,1.65,1.67,1.61,1.64,51806444
09/02/2021,AMC,1.47,1.52,1.41,1.49,110244659
10/02/2021,AMC,1.37,1.39,1.32,1.34,98436401
11/02/2021,AMC,1.3,1.31,1.29,1.29,127119711
12/02/2021,AMC,1.25,1.25,1.24,1.25,125215359
15/02/2021,AMC,1.29,1.31,1.25,1.3,247348653
16/02/2021,AMC,1.24,1.25,1.21,1.22,189108708
17/02/2021,AMC,1.22,1.27,1.16,1.19,78342673
18/02/2021,AMC,1.39,1.41,1.35,1.35,27107428
19/02/2021,AMC,1.54,1.54,1.46,1.51,82230316
22/02/2021,AMC,1.45,1.46,1.43,1.43,94308840
23/02/2021,AMC,1.25,1.28,1.18,1.21,96616084
24/02/2021,AMC,1.03,1.05,1,1.02,92739714
25/02/2021,AMC,0.97,0.98,0.94,0.96,123023269
26/02/2021,AMC,1.06,1.08,1.03,1.05,31540188
01/03/2021,AMC,1.45,1.47,1.42,1.45,127510249
02/03/2021,AMC,1.2,1.25,1.17,1.23,203375742
03/03/2021,AMC,0.84,0.85,0.82,0.83,35694382
04/03/2021,AMC,0.93,0.93,0.89,0.91,32635605
05/03/2021,AMC,0.99,1.02,0.99,0.99,64259891
08/03/2021,AMC,0.91,0.91,0.89,0.9,60096079
09/03/2021,AMC,0.81,0.85,0.8,0.82,100938768
10/03/2021,AMC,0.78,0.8,0.77,0.77,42855274
11/03/2021,AMC,0.74,0.74,0.71,0.72,32636078
12/03/2021,AMC,0.77,0.79,0.76,0.77,171979408
15/03/2021,AMC,0.74,0.75,0.73,0.73,144682410
16/03/2021,AMC,0.64,0.64,0.63,0.64,194662890
17/03/2021,AMC,0.65,0.65,0.63,0.65,129599117
18/03/2021,AMC,0.6,0.6,0.6,0.6,154898793
19/03/2021,AMC,0.66,0.69,0.65,0.67,60464848
22/03/2021,AMC,0.69,0.71,0.69,0.71,76260802
23/03/2021,AMC,0.53,0.53,0.51,0.53,94264494
24/03/2021,AMC,0.54,0.54,0.53,0.54,149116670
25/03/2021,AMC,0.43,0.45,0.43,0.43,100104646
26/03/2021,AMC,0.35,0.35,0.34,0.35,211777047
29/03/2021,AMC,0.25,0.25,0.25,0.25,99953351
30/03/2021,AMC,0.27,0.27,0.26,0.27,98903063
31/03/2021,AMC,0.25,0.26,0.25,0.25,101015534
01/04/2021,AMC,0.3,0.3,0.29,0.3,47400637
02/04/2021,AMC,0.28,0.28,0.28,0.28,215801045
05/04/2021,AMC,0.26,0.26,0.25,0.26,147667228
06/04/2021,AMC,0.29,0.29,0.28,0.28,79442796
07/04/2021,AMC,0.27,0.28,0.27,0.27,57697592
08/04/2021,AMC,0.28,0.28,0.28,0.28,74651193
09/04/2021,AMC,0.27,0.27,0.26,0.26,60684813
12/04/2021,AMC,0.25,0.26,0.25,0.26,96550120
13/04/2021,AMC,0.26,0.27,0.26,0.26,118337925
14/04/2021,AMC,0.24,0.25,0.24,0.24,21921842
15/04/2021,AMC,0.2,0.21,0.2,0.2,120169061
16/04/2021,AMC,0.17,0.17,0.17,0.17,105395202
19/04/2021,AMC,0.14,0.14,0.14,0.14,108941161
20/04/2021,AMC,0.15,0.15,0.15,0.15,72783724
21/04/2021,AMC,0.17,0.17,0.17,0.17,92673419
22/04/2021,AMC,0.18,0.18,0.18,0.18,71522496
23/04/2021,AMC,0.2,0.21,0.2,0.2,105185860
26/04/2021,AMC,0.18,0.18,0.18,0.18,111803944
27/04/2021,AMC,0.15,0.15,0.15,0.15,54990182
28/04/2021,AMC,0.2,0.2,0.2,0.2,86857306
29/04/2021,AMC,0.17,0.17,0.17,0.17,40723959
30/04/2021,AMC,0.14,0.14,0.14,0.14,129175635
03/05/2021,AMC,0.15,0.15,0.14,0.14,28297472
04/05/2021,AMC,0.16,0.16,0.16,0.16,48304260
05/05/2021,AMC,0.12,0.12,0.12,0.12,56951592
06/05/2021,AMC,0.11,0.11,0.11,0.11,61899260
07/05/2021,AMC,0.1,0.1,0.1,0.1,151456778
10/05/2021,AMC,0.07,0.07,0.07,0.07,91104228
11/05/2021,AMC,0.07,0.07,0.07,0.07,177851260
12/05/2021,AMC,0.06,0.06,0.06,0.06,66571963
13/05/2021,AMC,0.08,0.08,0.08,0.08,49360795
14/05/2021,AMC,0.07,0.07,0.07,0.07,55656500
17/05/2021,AMC,0.08,0.08,0.08,0.08,111269269
18/05/2021,AMC,0.08,0.08,0.08,0.08,35151626
19/05/2021,AMC,0.07,0.07,0.07,0.07,91217167
20/05/2021,AMC,0.07,0.07,0.07,0.07,66691075
21/05/2021,AMC,0.06,0.06,0.06,0.06,46479526
24/05/2021,AMC,0.06,0.06,0.06,0.06,121666245
25/05/2021,AMC,0.06,0.06,0.06,0.06,73992557
26/05/2021,AMC,0.06,0.06,0.06,0.06,58627445
27/05/2021,AMC,0.06,0.06,0.06,0.06,11577243
28/05/2021,AMC,0.06,0.06,0.06,0.06,253078685
31/05/2021,AMC,0.06,0.06,0.06,0.06,207617104
01/06/2021,AMC,0.07,0.07,0.07,0.07,306076240
02/06/2021,AMC,0.07,0.07,0.07,0.07,277968028
03/06/2021,AMC,0.07,0.07,0.07,0.07,236658828
04/06/2021,AMC,0.09,0.09,0.09,0.09,261669040
07/06/2021,AMC,0.12,0.12,0.12,0.12,333569565
08/06/2021,AMC,0.14,0.14,0.14,0.14,421179992
09/06/2021,AMC,0.15,0.15,0.15,0.15,356201031
10/06/2021,AMC,0.18,0.18,0.18,0.18,247440426
11/06/2021,AMC,0.21,0.21,0.21,0.21,211173664
14/06/2021,AMC,0.21,0.22,0.21,0.21,150792163
15/06/2021,AMC,0.2,0.21,0.2,0.21,113007201
16/06/2021,AMC,0.21,0.22,0.21,0.21,151030568
17/06/2021,AMC,0.25,0.25,0.24,0.25,140597677
18/06/2021,AMC,0.24,0.26,0.23,0.25,201767121
21/06/2021,AMC,0.2,0.22,0.19,0.21,106473889
22/06/2021,AMC,0.17,0.17,0.16,0.17,53069003
23/06/2021,AMC,0.18,0.19,0.18,0.19,28954071
24/06/2021,AMC,0.16,0.17,0.16,0.16,144774169
25/06/2021,AMC,0.17,0.17,0.17,0.17,89533301
28/06/2021,AMC,0.17,0.17,0.17,0.17,183943494
29/06/2021,AMC,0.16,0.16,0.16,0.16,125406817
30/06/2021,AMC,0.15,0.15,0.15,0.15,98031931
01/07/2021,AMC,0.18,0.18,0.18,0.18,165478700
02/07/2021,AMC,0.17,0.17,0.17,0.17,88651500
05/07/2021,AMC,0.19,0.19,0.19,0.19,46542960
06/07/2021,AMC,0.19,0.19,0.19,0.19,96253376
07/07/2021,AMC,0.22,0.22,0.22,0.22,95635153
08/07/2021,AMC,0.21,0.21,0.21,0.21,86122265
09/07/2021,AMC,0.25,0.25,0.25,0.25,41127140
12/07/2021,AMC,0.21,0.21,0.2,0.21,78187089
13/07/2021,AMC,0.24,0.25,0.23,0.24,176706156
14/07/2021,AMC,0.26,0.26,0.26,0.26,92828160
15/07/2021,AMC,0.26,0.28,0.26,0.27,85088987
16/07/2021,AMC,0.27,0.28,0.27,0.27,102794410
19/07/2021,AMC,0.27,0.28,0.26,0.27,106088323
20/07/2021,AMC,0.27,0.27,0.26,0.26,154556893
21/07/2021,AMC,0.2,0.2,0.2,0.2,62307349
22/07/2021,AMC,0.19,0.2,0.19,0.19,62110491
23/07/2021,AMC,0.22,0.22,0.22,0.22,73535322
26/07/2021,AMC,0.22,0.23,0.22,0.22,16309926
27/07/2021,AMC,0.21,0.21,0.21,0.21,81218937
28/07/2021,AMC,0.18,0.19,0.18,0.18,70949625
29/07/2021,AMC,0.2,0.21,0.2,0.2,40405277
30/07/2021,AMC,0.22,0.22,0.22,0.22,114857856
02/08/2021,AMC,0.21,0.21,0.21,0.21,131153489
03/08/2021,AMC,0.2,0.2,0.2,0.2,161438995
04/08/2021,AMC,0.21,0.21,0.2,0.2,55670229
05/08/2021,AMC,0.21,0.21,0.21,0.21,29662847
06/08/2021,AMC,0.23,0.23,0.23,0.23,78453926
09/08/2021,AMC,0.18,0.19,0.17,0.18,55640902
10/08/2021,AMC,0.15,0.15,0.15,0.15,141020992
11/08/2021,AMC,0.13,0.13,0.13,0.13,25253822
12/08/2021,AMC,0.13,0.14,0.13,0.13,66196011
13/08/2021,AMC,0.11,0.11,0.11,0.11,116393719
16/08/2021,AMC,0.11,0.11,0.11,0.11,79159124
17/08/2021,AMC,0.1,0.1,0.1,0.1,65615561
18/08/2021,AMC,0.09,0.09,0.09,0.09,40694913
19/08/2021,AMC,0.07,0.07,0.07,0.07,87545703
20/08/2021,AMC,0.08,0.08,0.08,0.08,104403521
23/08/2021,AMC,0.05,0.05,0.05,0.05,31410354
24/08/2021,AMC,0.05,0.05,0.05,0.05,27266871
25/08/2021,AMC,0.06,0.06,0.06,0.06,193477452
26/08/2021,AMC,0.07,0.07,0.07,0.07,43652481
27/08/2021,AMC,0.08,0.08,0.08,0.08,222277999
30/08/2021,AMC,0.07,0.07,0.07,0.07,195391129
31/08/2021,AMC,0.06,0.06,0.06,0.06,63787597
